{
    "name": "Global Information",
    "numberOfRequests": {
        "total": 28000,
        "ok": 28000,
        "ko": 0
    },
    "minResponseTime": {
        "total": 1,
        "ok": 1,
        "ko": 0
    },
    "maxResponseTime": {
        "total": 25008,
        "ok": 25008,
        "ko": 0
    },
    "meanResponseTime": {
        "total": 1094,
        "ok": 1094,
        "ko": 0
    },
    "standardDeviation": {
        "total": 2515,
        "ok": 2515,
        "ko": 0
    },
    "percentiles1": {
        "total": 16,
        "ok": 16,
        "ko": 0
    },
    "percentiles2": {
        "total": 755,
        "ok": 755,
        "ko": 0
    },
    "percentiles3": {
        "total": 6751,
        "ok": 6751,
        "ko": 0
    },
    "percentiles4": {
        "total": 12881,
        "ok": 12881,
        "ko": 0
    },
    "group1": {
        "name": "t < 800 ms",
        "count": 21110,
        "percentage": 75
    },
    "group2": {
        "name": "800 ms < t < 1200 ms",
        "count": 958,
        "percentage": 3
    },
    "group3": {
        "name": "t > 1200 ms",
        "count": 5932,
        "percentage": 21
    },
    "group4": {
        "name": "failed",
        "count": 0,
        "percentage": 0
    },
    "meanNumberOfRequestsPerSecond": {
        "total": 129.03225806451613,
        "ok": 129.03225806451613,
        "ko": 0
    }
}